global_sample,bin,bin_sample,sample,sin_ref,cos_ref,i_mixed,q_mixed,i_filt,q_filt,mag_sq,energy_so_far
0,0,0,-157,0,32767,-5144419,0,-321526,0,103378968676,103378968676
1,0,1,474,6393,32137,15232938,3030282,309006,189393,131354416485,234733385161
2,0,2,744,12539,30273,22523112,9329016,2347233,961849,6434656255090,6669389640251
3,0,3,1102,18204,27245,30023990,20060808,6261960,2988105,48140914532625,54810304172876
4,0,4,1472,23170,23170,34106240,34106240,12629852,7146002,210578506125908,265388810298784
5,0,5,1645,27245,18204,29945580,44818025,20238811,13915633,603254312484410,868643122783194
6,0,6,1991,30273,12539,24965149,60273543,27048338,23679903,1292350394651653,2160993517434847
7,0,7,1950,32137,6393,12466350,62667150,31352819,35524007,2244954332582810,4405947850017657
8,0,8,2013,32767,0,0,65959971,31649160,48105169,3315776613224161,7721724463241818
9,0,9,1912,32137,-6393,-12223416,61445944,26856773,59593935,4272723344757754,11994447807999572
10,0,10,1911,30273,-12539,-23962029,57851703,18086897,68319602,4994703860527013,16989151668526585
11,0,11,1833,27245,-18204,-33367932,49940085,6299751,73065795,5378297261644026,22367448930170611
12,0,12,1390,23170,-23170,-32206300,32206300,-6402937,73039488,5375764409528113,27743213339698724
13,0,13,1107,18204,-27245,-30160215,20151828,-18095034,68441439,5011660827851877,32754874167550601
14,0,14,667,12539,-30273,-20192091,8363513,-26915948,59711134,4289887780304660,37044761947855261
15,0,15,360,6393,-32137,-11569320,2301480,-31316500,48154781,3299606105407961,40344368053263222
16,0,16,-34,0,-32767,1114078,0,-30769885,35380976,2198599285625801,42542967338889023
17,0,17,-385,-6393,-32137,12372745,2461305,-25552067,23611118,1210393021182413,43753360360071436
18,0,18,-888,-12539,-30273,26882424,11134632,-16271042,14595336,477770640718660,44231131000790096
19,0,19,-1061,-18204,-27245,28906945,19314444,-4695871,9735877,116838505407770,44347969506197866
20,0,20,-1620,-23170,-23170,37535400,37535400,7793219,10199794,164770060024397,44512739566222263
21,0,21,-1828,-27245,-18204,33276912,49803860,19506295,15635513,624964811400194,45137704377622457
22,0,22,-1972,-30273,-12539,24726908,59698356,28426342,25212123,1443708065668093,46581412443290550
23,0,23,-2161,-32137,-6393,13815273,69448057,33461003,37748889,2544617342500330,49126029785790880
24,0,24,-2034,-32767,0,0,66648078,33619934,51041888,3735574292768900,52861604078559780
25,0,25,-1948,-32137,6393,-12453564,62602876,28644378,62788862,4762941582261928,57624545660821708
26,0,26,-1802,-30273,12539,-22595278,54551946,19404675,71255276,5453855769691801,63078401430513509
27,0,27,-1883,-27245,18204,-34278132,51302335,7293854,75552349,5761357745591117,68839759176104626
28,0,28,-1564,-23170,23170,-36237880,36237880,-6138605,74815434,5635031635954381,74474790812059007
29,0,29,-1236,-18204,27245,-33674820,22500144,-18551431,69752556,5209574660680897,79684365472739904
30,0,30,-742,-12539,30273,-22462566,9303938,-28097807,61061739,4518022727913370,84202388200653274
31,0,31,-530,-6393,32137,-17032610,3388290,-33608701,49697945,3599430520130426,87801818720783700
32,0,32,-3,0,32767,-98301,0,-33855033,37203391,2530255561329970,90332074282113670
33,0,33,462,6393,32137,14847294,2953566,-28803867,25387814,1474203853852285,91806278135965955
34,0,34,947,12539,30273,28668531,11874433,-19230678,16239313,633534263051653,92439812399017608
35,0,35,1306,18204,27245,35581970,23774424,-6377372,11192946,165952913785300,92605765312802908
36,0,36,1548,23170,23170,35867160,35867160,7645930,11382904,188030749038116,92793796061841024
37,0,37,1601,27245,18204,29144604,43619245,20304090,16379334,680538653011656,93474334714852680
38,0,38,2013,30273,12539,25241007,60939549,29715398,25663996,1541645568986420,95015980283839100
39,0,39,1874,32137,6393,11980482,60224738,34455919,37066146,2561109533427877,97577089817266977
40,0,40,2249,32767,0,0,73692983,33666332,49558277,3589444729542953,101166534546809930
41,0,41,2040,32137,-6393,-13041720,65559480,27992258,61179975,4526555848939189,105693090395749119
42,0,42,1835,30273,-12539,-23009065,55550955,18408972,69923281,5228155475901745,110921245871650864
43,0,43,1771,27245,-18204,-32239284,48250895,6276171,74851652,5642160129550345,116563406001201209
44,0,44,1471,23170,-23170,-34083070,34083070,-6511728,75026258,5671341991028548,122234747992229757
45,0,45,1327,18204,-27245,-36154115,24156708,-18502455,70249078,5277273800877109,127512021793106866
46,0,46,704,12539,-30273,-21312192,8827456,-27750482,61180414,4513132308443720,132025154101550586
47,0,47,558,6393,-32137,-17932446,3567294,-33088702,49655812,3560561865424148,135585715966974734
48,0,48,-11,0,-32767,360437,0,-33510467,36749384,2473468622937545,138059184589912279
49,0,49,-438,-6393,-32137,14076006,2800134,-28662658,24983789,1445737676421485,139504922266333764
50,0,50,-933,-12539,-30273,28244709,11698887,-19273018,15985332,626980061978548,140131902328312312
51,0,51,-1013,-18204,-27245,27599185,18440652,-7143706,10836679,168466147163477,140300368475475789
52,0,52,-1628,-23170,-23170,37720760,37720760,6426450,10838298,158767963139304,140459136438615093
53,0,53,-1759,-27245,-18204,32020836,47923955,18965437,15790347,609022858981378,141068159297596471
54,0,54,-1908,-30273,-12539,23924412,57760884,28095024,24956058,1412135204459940,142480294502056411
55,0,55,-2072,-32137,-6393,13246296,66587864,33230249,36951505,2469663170367026,144949957672423437
56,0,56,-2164,-32767,0,0,70907788,33162199,50091556,3608895425016737,148558853097440174
57,0,57,-2107,-32137,6393,-13470051,67712659,27915949,62110853,4637058268958210,153195911366398384
58,0,58,-1742,-30273,12539,-21842938,52735566,18687688,70995830,5389637560174244,158585548926572628
59,0,59,-1672,-27245,18204,-30437088,45553640,6999233,75687292,5777555432881553,164363104359454181
60,0,60,-1446,-23170,23170,-33503820,33503820,-5886154,75031806,5664418720533352,170027523079987533
61,0,61,-1100,-18204,27245,-29969500,20024400,-17445210,69321615,5109821658152325,175137344738139858
62,0,62,-918,-12539,30273,-27790614,11510802,-26532815,59798081,4279800763106786,179417145501246644
63,0,63,-247,-6393,32137,-7937839,1579071,-31353757,47840220,3271744727663449,182688890228910093
64,1,0,-167,0,32767,-5472089,0,-31692505,35103009,2236636114029106,2236636114029106
65,1,1,1169,9512,31356,36655164,11119528,-25773223,24146991,1247336198161810,3483972312190916
66,1,2,2353,18204,27245,64107485,42834012,-13079093,18129190,499730203758749,3983702515949665
67,1,3,3311,25329,20787,68825757,83864319,4784490,19830765,416150585045325,4399853100994990
68,1,4,4061,30273,12539,50920879,122938653,24766431,31964416,1635099994698817,6034953095693807
69,1,5,4207,32609,3212,13512884,137186063,41549997,54071214,4650098434133805,10685051529827612
70,1,6,4465,32137,-6393,-28544745,143491705,48378756,83025673,9233766409210465,19918817939038077
71,1,7,4006,28898,-15446,-61876676,115765388,41294983,112016248,14252915436967793,34171733376005870
72,1,8,3216,23170,-23170,-74514720,74514720,21573759,132837499,18111228217965082,52282961593970952
73,1,9,2083,15446,-28898,-60194534,32174018,-6278738,139411831,19475081173645205,71758042767616157
74,1,10,885,6393,-32137,-28441245,5657805,-32678374,129492387,17836154418241645,89594197185857802
75,1,11,-395,-3212,-32609,12880555,1268740,-48614919,106125796,13626094926010177,103220292111867979
76,1,12,-1817,-12539,-30273,55006041,22783363,-48287515,77532178,8342922730298909,111563214842166888
77,1,13,-2648,-20787,-25329,67071192,55043976,-32166277,53394428,3885634317487913,115448849159654801
78,1,14,-3789,-27245,-18204,68974956,103231305,-5349813,41918276,1785762361947145,117234611521601946
79,1,15,-4340,-31356,-9512,41282080,136085040,23235277,47482760,2794490594484329,120029102116086275
80,1,16,-4233,-32767,0,0,138702711,43710163,67448244,6459843968170105,126488946084256380
81,1,17,-4313,-31356,9512,-41025256,135238428,49333973,95659092,11584502774229193,138073448858485573
82,1,18,-3751,-27245,18204,-68283204,102195995,38425040,122375860,16452334809741200,154525783668226773
83,1,19,-2631,-20787,25329,-66640599,54690597,14682427,137907132,19233950719075753,173759734387302526
84,1,20,-1650,-12539,30273,-49950450,20689350,-13957184,137636549,19138622605839257,192898356993141783
85,1,21,-375,-3212,32609,-12228375,1204500,-37359112,121743888,16217277514785088,209115634507926871
86,1,22,674,6393,32137,21660338,4308882,-48383541,94721128,11313059129291065,220428693637217936
87,1,23,1968,15446,28898,56871264,30397728,-43109844,66244771,6246828334546777,226675521971764713
88,1,24,3129,23170,23170,72498930,72498930,-23437893,46093665,2673960781411674,229349482753176387
89,1,25,3965,28898,15446,61243390,114580570,3947946,40404399,1648101736170117,230997584489346504
90,1,26,4419,32137,6393,28250667,142013403,29945876,51698786,3569519963281172,234567104452627676
91,1,27,4225,32609,-3212,-13570700,137773025,45919712,75822073,7857606704180273,242424711156807949
92,1,28,4110,30273,-12539,-51535290,124422030,46421918,104708859,13118939623880605,255543650780688554
93,1,29,3244,25329,-20787,-67433028,82167276,31228761,128331714,17444264331772917,272987915112461471
94,1,30,2377,18204,-27245,-64761365,43270908,5630367,138697160,19268603224620289,292256518337081760
95,1,31,1413,9512,-31356,-44306028,13440456,-22300881,132685287,18102714679648530,310359233016730290
96,1,32,-144,0,-32767,4718448,0,-42313647,112186082,14376161716951333,324735394733681623
97,1,33,-1135,-9512,-31356,35589060,10796120,-48135394,83980985,9369821997105461,334105216730787084
98,1,34,-2337,-18204,-27245,63671565,42542748,-37887807,57756210,4771265712833349,338876482443620433
99,1,35,-3462,-25329,-20787,71964594,87688998,-14560054,42343374,2004956494186792,340881438937807225
100,1,36,-3964,-30273,-12539,49704596,120002172,13500292,42201460,1963221110216864,342844660048024089
101,1,37,-4462,-32609,-3212,14331944,145501358,36716209,58254999,4741724911821682,347586384959845771
102,1,38,-4125,-32137,6393,-26371125,132565125,47865577,84395635,9413736668596154,357000121628441925
103,1,39,-3949,-28898,15446,-60996254,114118202,42677834,112233606,14417779830694792,371417901459136717
104,1,40,-3127,-23170,23170,-72452590,72452590,22588354,132459194,18055671811558952,389473573270695669
105,1,41,-2203,-15446,28898,-63662294,34027538,-5187401,138217532,19130995281305825,408604568552001494
106,1,42,-960,-6393,32137,-30851520,6137280,-31914611,127655053,17314354951714130,425918923503715624
107,1,43,470,3212,32609,15326230,1509640,-48243997,104428140,13232719670395609,439151643174111233
108,1,44,1502,12539,30273,45470046,18833578,-48893166,76198214,8196709498293352,447348352672404585
109,1,45,2887,20787,25329,73124823,60012069,-33358316,52564170,3875769214144756,451224121886549341
110,1,46,3716,27245,18204,67646064,101242420,-6792727,41841311,1796836446295250,453020958332844591
111,1,47,4006,31356,9512,38105072,125612136,21476565,46776598,2649292964652829,455670251297497420
112,1,48,4191,32767,0,0,137326497,42133823,66155727,6151839255493858,461822090552991278
113,1,49,4304,31356,-9512,-40939648,134956224,48291887,93570055,11087461542723794,472909552095715072
114,1,50,3518,27245,-18204,-64041672,95847910,37670273,119023192,15585569701763393,488495121797478465
115,1,51,2908,20787,-25329,-73656732,60448596,13907447,134459537,18272784172312178,506767905969790643
116,1,52,1518,12539,-30273,-45954414,19034202,-14151207,134746208,18356797229936113,525124703199726756
117,1,53,591,3212,-32609,-19271919,1898292,-38013751,119310950,15680148054992501,540804851254719257
118,1,54,-796,-6393,-32137,25581052,5088828,-49145845,93519240,11161162330941625,551966013585660882
119,1,55,-1953,-15446,-28898,56437794,30166038,-43916547,66172027,6307400257691938,558273413843352820
120,1,56,-3214,-23170,-23170,74468380,74468380,-24175712,46362172,2733916043264528,561007329886617348
121,1,57,-4015,-28898,-15446,62015690,116025470,3517749,41078533,1699820431459090,562707150318076438
122,1,58,-4428,-32137,-6393,28308204,142302636,30027424,52686879,3677553410836417,566384703728912855
123,1,59,-4185,-32609,3212,-13442220,136468665,46568179,76611581,8037929638695602,574422633367608457
124,1,60,-3902,-30273,12539,-48927178,118125246,47265803,105157497,13292155308539818,587714788676148275
125,1,61,-3448,-25329,20787,-71673576,87334392,32081423,128445584,17527485750805985,605242274426954260
126,1,62,-2320,-18204,27245,-63208400,42233280,6096780,138346388,19176893799014944,624419168225969204
127,1,63,-1171,-9512,31356,-36717876,11138552,-21513039,131838198,17844121298902725,642263289524871929
128,2,0,128,0,32767,4194176,0,-41435272,111303265,14105298565374209,14105298565374209
129,2,1,3052,12539,30273,92393196,38269028,-43391110,84973192,9103231785700964,23208530351075173
130,2,2,5945,23170,23170,137745650,137745650,-24431740,66405835,5006644841474825,28215175192549998
131,2,3,7649,30273,12539,95910811,231558177,8536711,67869040,4679082025219121,32894257217769119
132,2,4,8459,32767,0,0,277176053,42697754,94488880,10751246640298916,43645503858068035
133,2,5,7816,30273,-12539,-98004824,236613768,61638836,140888094,23648801134387732,67294304992455767
134,2,6,5696,23170,-23170,-131976320,131976320,53468121,189993310,38956297808026741,106250602800482508
135,2,7,3253,12539,-30273,-98478069,40789367,20588474,221205952,49355958461874980,155606561262357488
136,2,8,62,0,-32767,-2031554,0,-20707439,221318865,49410838034826946,205017399297184434
137,2,9,-3059,-12539,-30273,92605107,38356801,-49828095,191717214,39238329195250821,244255728492435255
138,2,10,-5861,-23170,-23170,135799370,135799370,-50312893,149957957,25018776069643298,269274504562078553
139,2,11,-7822,-30273,-12539,98080058,236795406,-21655186,120809660,15063921030010196,284338425592088749
140,2,12,-8370,-32767,0,0,274259790,19278798,120725652,14946355103149908,299284780695238657
141,2,13,-7690,-30273,12539,-96424910,232799370,48525378,150117807,24890068288532133,324174848983770790
142,2,14,-6024,-23170,23170,-139576080,139576080,48647872,192137067,39283267965490873,363458116949261663
143,2,15,-3281,-12539,30273,-99325713,41140459,19696525,221688952,49533944535933929,412992061485195592
144,2,16,-64,0,32767,-2097088,0,-21670773,221849222,49686699704422813,462678761189618405
145,2,17,3249,12539,30273,98356977,40739211,-50991176,192864496,39796813847196992,502475575036815397
146,2,18,5941,23170,23170,137652970,137652970,-51170387,151606915,25603065181546994,528078640218362391
147,2,19,7820,30273,12539,98054980,236734860,-21802338,122337940,15441913505709844,543520553724072235
148,2,20,8335,32767,0,0,273112945,20034639,122366958,15375059170034085,558895612894106320
149,2,21,7678,30273,-12539,-96274442,232436094,49838220,151518268,25441633710488224,584337246604594544
150,2,22,5790,23170,-23170,-134154300,134154300,50479979,192454671,39587028669558682,623924275274153226
151,2,23,3076,12539,-30273,-93119748,38569964,21846501,221125962,49373960676368445,673298235950521671
152,2,24,67,0,-32767,-2195389,0,-19260481,220503045,48992558982623386,722290794933145057
153,2,25,-3309,-12539,-30273,100173357,41491551,-48220544,190876534,38759072095509092,761049867028654149
154,2,26,-5796,-23170,-23170,134293320,134293320,-48238167,149277657,24610739634929538,785660606663583687
155,2,27,-7758,-30273,-12539,97277562,234857934,-19368004,120165445,14814853750992041,800475460414575728
156,2,28,-8232,-32767,0,0,269737944,21587792,120297160,14937439467500864,815412899882076592
157,2,29,-7677,-30273,12539,-96261903,232405821,50403596,149430576,24870019533422992,840282919415499584
158,2,30,-6005,-23170,23170,-139135850,139135850,49852089,190800685,38890132174133146,879173051589632730
159,2,31,-3049,-12539,30273,-92302377,38231411,20673859,219872947,48771521268416690,927944572858049420
160,2,32,150,0,32767,4915050,0,-20097011,219818589,48724101921085042,976668674779134462
161,2,33,3026,12539,30273,91606098,37943014,-49263344,190751684,38813082010898192,1015481756790032654
162,2,34,5727,23170,23170,132694590,132694590,-49163070,149350059,24722447575128381,1040204204365161035
163,2,35,7803,30273,12539,97841817,236220219,-20089461,120020076,14808405086316297,1055012609451477332
164,2,36,8367,32767,0,0,274161489,20525704,120114344,14848760159245952,1069861369610723284
165,2,37,7616,30273,-12539,-95497024,230559168,49139733,149105743,24647235954893338,1094508605565616622
166,2,38,5777,23170,-23170,-133853090,133853090,49352782,190323474,38658721846568200,1133167327412184822
167,2,39,3047,12539,-30273,-92241831,38206333,20696200,219567915,48638401991887225,1181805729404072047
168,2,40,-60,0,-32767,1966020,0,-19721517,219302963,48482727813360658,1230288457217432705
169,2,41,-3000,-12539,-30273,90819000,37617000,-48187293,189844033,38362772072372938,1268651229289805643
170,2,42,-5844,-23170,-23170,135405480,135405480,-48130462,148443617,24352048800376133,1293003278090181776
171,2,43,-7815,-30273,-12539,97992285,236583495,-19524770,119369368,14630262660272324,1307633540750454100
172,2,44,-8274,-32767,0,0,271114158,20838275,119615621,14742130492191266,1322375671242645366
173,2,45,-7536,-30273,12539,-94493904,228137328,49496386,148904488,24622438773603140,1346998110016248506
174,2,46,-5815,-23170,23170,-134733550,134733550,49626057,190210245,38642682836327274,1385640792852575780
175,2,47,-3015,-12539,30273,-91273095,37805085,21097981,218995326,48404077612122637,1434044870464698417
176,2,48,92,0,32767,3014564,0,-19131317,218437201,48080818070868890,1482125688535567307
177,2,49,3126,12539,30273,94633398,39196914,-47417283,189125664,38016915510542985,1520142604046110292
178,2,50,5870,23170,23170,136007900,136007900,-47199851,147986254,24127757307374717,1544270361353485009
179,2,51,7646,30273,12539,95873194,231467358,-18402087,118992732,14497907074779393,1558768268428264402
180,2,52,8137,32767,0,0,266625079,22036353,119086927,14667297035843938,1573435565464108340
181,2,53,7772,30273,-12539,-97453108,235281756,50280976,148381060,24545115514236176,1597980680978344516
182,2,54,6025,23170,-23170,-139599250,139599250,49479696,189708429,38437528349900457,1636418209328244973
183,2,55,3029,12539,-30273,-91696917,37980631,20033943,218863230,48302472318160149,1684720681646405122
184,2,56,-91,0,-32767,2981797,0,-20922090,219250071,48508327483473141,1733229009129878263
185,2,57,-3111,-12539,-30273,94179303,39008829,-49712687,190705787,38840048444049338,1772069057573927601
186,2,58,-5837,-23170,-23170,135243290,135243290,-49320219,149633954,24822804191882077,1796891861765809678
187,2,59,-7732,-30273,-12539,96951548,234070836,-19911776,120593298,14939222345990980,1811831084111800658
188,2,60,-8221,-32767,0,0,269377507,21033438,120481657,14958235187565493,1826789319299366151
189,2,61,-7771,-30273,12539,-97440569,235251483,49816047,149299250,24771904589268709,1851561223888634860
190,2,62,-5930,-23170,23170,-137398100,137398100,49581544,190518576,38755657306491712,1890316881195126572
191,2,63,-3252,-12539,30273,-98447796,40776828,19956923,219929274,48767164337795005,1939084045532921577
192,3,0,63,0,32767,2064321,0,-21329208,220248240,48964222337004864,48964222337004864
193,3,1,4793,15446,28898,138508114,74032678,-47682183,193654936,39775824812809585,88740047149814449
194,3,2,8792,27245,18204,160049568,239538040,-43468437,161180213,27868566077948338,116608613227762787
195,3,3,10567,32609,3212,33941204,344579303,-13940291,147558469,21967833486788642,138576446714551429
196,3,4,9699,30273,-12539,-121615761,293617827,20070308,164368715,27419891733966089,165996338448517518
197,3,5,6508,20787,-25329,-164841132,135281796,34992560,201843124,41965125961432976,207961464409950494
198,3,6,1935,6393,-32137,-62185095,12370455,21278352,235195735,55769802026026129,263731266435976623
199,3,7,-2982,-9512,-31356,93503592,28364784,-7303686,242401192,58811681712207460,322542948148184083
200,3,8,-7247,-23170,-23170,167912990,167912990,-26064489,222762443,50302463598159370,372845411746343453
201,3,9,-10181,-31356,-9512,96841672,319235436,-20740112,196269681,38951939925614305,411797351671957758
202,3,10,-10341,-32137,6393,-66110013,332328717,3298286,185946241,34586883232567877,446384234904525635
203,3,11,-7948,-25329,20787,-165215076,201314892,25056433,200630157,40880284732528138,487264519637053773
204,3,12,-3884,-12539,30273,-117580332,48701476,25248599,227626761,52451434074813922,539715953711867695
205,3,13,1076,3212,32609,35087284,3456112,3485568,242743709,58936657443359305,598652611155227000
206,3,14,5692,18204,27245,155078540,103617168,-20808354,232069083,54289046880650205,652941658035877205
207,3,15,9108,28898,15446,140682168,263202984,-25738390,205265071,42796214092427141,695737872128304346
208,3,16,10439,32767,0,0,342054713,-7149739,185986255,34642005816693146,730379877944997492
209,3,17,9267,28898,-15446,-143138082,267797766,18143160,190679512,36687850551343744,767067728496341236
210,3,18,5945,18204,-27245,-161971525,108222780,27480078,215396827,47150947768554013,814218676264895249
211,3,19,889,3212,-32609,-28989401,2855468,12388239,238136895,56862649225762146,871081325490657395
212,3,20,-3899,-12539,-30273,118034427,48889561,-14445026,238686135,57179729817378901,928261055308036296
213,3,21,-7953,-25329,-20787,165319011,201441537,-29348493,216753533,47843428109353138,976104483417389434
214,3,22,-10403,-32137,-6393,66506379,334321211,-18833006,192430729,37384267578467477,1013488750995856911
215,3,23,-9987,-31356,9512,-94996344,313152372,7372676,187213632,35103300358032400,1048592051353889311
216,3,24,-7423,-23170,23170,-171990910,171990910,26056247,205962088,43099309701044753,1091691361054934064
217,3,25,-3006,-9512,31356,-94256136,28593072,21139220,232230337,54377796045341969,1146069157100276033
218,3,26,2005,6393,32137,64434685,12817965,-3185856,242551898,58841572901855140,1204910730002131173
219,3,27,6822,20787,25329,172794438,141808914,-25053877,228033341,52626901360353410,1257537631362484583
220,3,28,9618,30273,12539,120600102,291165714,-24509526,201569653,41231041875285085,1298768673237769668
221,3,29,10441,32609,-3212,-33536492,340470569,-2043614,186904473,34937458385588725,1333706131623358393
222,3,30,8857,27245,-18204,-161232828,241308965,22541526,197323011,39444491064514797,1373150622687873190
223,3,31,4817,15446,-28898,-139201666,74403382,27756390,223622655,50777509015081125,1423928131702954315
224,3,32,169,0,-32767,-5537623,0,8350722,242433408,58843691872415748,1482771823575370063
225,3,33,-4921,-15446,-28898,142207058,76009766,-18357912,237266936,56632611851827840,1539404435427197903
226,3,34,-8822,-27245,-18204,160595688,240355390,-28747242,212548522,46003278126991048,1585407713554188951
227,3,35,-10562,-32609,-3212,33925144,344416258,-14211927,190425226,36463745566204405,1621871459120393356
228,3,36,-9854,-30273,12539,-123559306,298310142,12446790,191159159,36696746650891381,1658568205771284737
229,3,37,-6567,-20787,25329,-166335543,136508229,27705202,213872103,46508854659503413,1705077060430788150
230,3,38,-2130,-6393,32137,-68451810,13617090,17664174,238942703,57405638360048485,1762482698790836635
231,3,39,3176,9512,31356,99586656,30210112,-8387293,244435018,59818824708528173,1822301523499364808
232,3,40,7436,23170,23170,172292120,172292120,-26768471,225175401,51420512255188642,1873722035754553450
233,3,41,9891,31356,9512,94083192,310142196,-21497122,198123524,39715057016461460,1913437092771014910
234,3,42,10241,32137,-6393,-65470713,329115017,3244457,187009113,34982934846271618,1948420027617286528
235,3,43,8113,25329,-20787,-168644931,205494177,25537031,201021100,41061622597504961,1989481650214791489
236,3,44,3949,12539,-30273,-119548077,49516511,25485748,226997495,52177386087394529,2041659036302186018
237,3,45,-1100,-3212,-32609,35869900,3533200,3305421,241686955,58423510025159266,2100082546327345284
238,3,46,-5825,-18204,-27245,158702125,106038300,-21140276,231581997,54077132603864185,2154159678931209469
239,3,47,-9190,-28898,-15446,141948740,265572620,-26360186,205513321,42930584514403637,2197090263445613106
240,3,48,-10371,-32767,0,0,339826557,-7343868,186633769,34886096128346785,2231976359573959891
241,3,49,-9096,-28898,15446,-140496816,262856208,18889544,191635380,37080933740272336,2269057293314232227
242,3,50,-5786,-18204,27245,-157639570,105328344,28989930,215755682,47390930356690024,2316448223670922251
243,3,51,-1011,-3212,32609,-32967699,3247332,14147236,237422948,56569800523450400,2373018024194372651
244,3,52,4138,12539,30273,125269674,51886382,-12278208,237339050,56480579046593764,2429498603240966415
245,3,53,8076,25329,20787,167875812,204557004,-26902117,215467074,47149783877203165,2476648387118169580
246,3,54,10329,32137,6393,66033297,331943073,-16523553,191550831,36964748660534370,2513613135778703950
247,3,55,10077,31356,-9512,-95852424,315974412,9696073,187224402,35146990535878933,2548760126314582883
248,3,56,7387,23170,-23170,-171156790,171156790,28321322,206747704,43546710389099300,2592306836703682183
249,3,57,2912,9512,-31356,-91308672,27698944,22918185,233213639,54913844619316546,2647220681322998729
250,3,58,-2099,-6393,-32137,67455563,13418907,-1669348,243415513,59253898691798273,2706474580014797002
251,3,59,-6820,-20787,-25329,172743780,141767340,-23449174,228566025,52792291545582901,2759266871560379903
252,3,60,-9744,-30273,-12539,122180016,294980112,-22965153,201910052,41295067350956113,2800561938911336016
253,3,61,-10538,-32609,3212,-33848056,343633642,-363190,187545597,35173482861062509,2835735421772398525
254,3,62,-8718,-27245,18204,-158702472,237521910,24302926,198241209,39890209157943157,2875625630930341682
255,3,63,-4894,-15446,28898,-141426812,75592724,29244488,224708667,51349225103299033,2926974856033640715
256,4,0,86,0,32767,2817962,0,9938660,243627811,59453287255247321,59453287255247321
257,4,1,4749,18204,27245,129386505,86450796,-17498559,238734069,57300155268373242,116753442523620563
258,4,2,7682,30273,12539,96324598,232557186,-32587875,213784113,46765616568212394,163519059091832957
259,4,3,8258,32137,-6393,-52793394,265387346,-28002725,186689883,35637265021979314,199156324113812271
260,4,4,5826,23170,-23170,-134988420,134988420,-12394811,172168343,29795569671091370,228951893784903641
261,4,5,1794,6393,-32137,-57653778,11469042,-1016787,171396700,29377862626693369,258329756411597010
262,4,6,-3269,-12539,-30273,98962437,40989991,323942,174726036,30529292594692660,288859049006289670
263,4,7,-6744,-27245,-18204,122767776,183740280,-3301948,173262725,30030874735020329,318889923741309999
264,4,8,-8435,-32767,0,0,276389645,-4030651,168774827,28501188376363730,347391112117673729
265,4,9,-7018,-27245,18204,-127755672,191205410,-527822,167083676,27917233381736660,375308345499410389
266,4,10,-3194,-12539,30273,-96691962,40049566,2436624,170020107,28912773920808825,404221119420219214
267,4,11,1507,6393,32137,48430459,9634251,590122,174047862,30293006510745928,434514125930965142
268,4,12,6031,23170,23170,139738270,139738270,-3495310,174637847,30510594796791509,465024720727756651
269,4,13,8102,32137,6393,51796086,260373974,-4795534,170713291,29166024870395837,494190745598152488
270,4,14,7718,30273,-12539,-96776002,233647014,-1719642,167655053,28111173965040973,522301919563193461
271,4,15,4571,18204,-27245,-124536895,83210484,2774190,169254105,28654648189507125,550956567752700586
272,4,16,-90,0,-32767,2949030,0,3364777,173001143,29940717203566178,580897284956266764
273,4,17,-4708,-18204,-27245,128269460,85704432,1309,174372045,30405610079195506,611302895035462270
274,4,18,-7541,-30273,-12539,94556599,228288693,-2625858,171085016,29276977829956420,640579872865418690
275,4,19,-8179,-32137,6393,-52288347,262848523,-732237,166925525,27864667067549794,668444539932968484
276,4,20,-5853,-23170,23170,-135614010,135614010,3311653,166643395,27780988142718434,696225528075686918
277,4,21,-1438,-6393,32137,-46213006,9193134,4999717,170312950,29031498107782589,725257026183469507
278,4,22,3044,12539,30273,92151012,38168716,1757845,173016854,29937921787101341,755194947970570848
279,4,23,6784,27245,18204,123495936,184830080,-2455796,171179499,29308451811884617,784503399782455465
280,4,24,8280,32767,0,0,271310760,-2709096,166595814,27761504443459812,812264904225915277
281,4,25,6818,27245,-18204,-124114872,185756410,828927,164571459,27084452237360010,839349356463275287
282,4,26,3031,12539,-30273,-91757463,38005709,3777825,167318871,28009876554445266,867359233017720553
283,4,27,-1673,-6393,-32137,53765201,10695489,2518901,171065370,29269705675484701,896628938693205254
284,4,28,-5784,-23170,-23170,134015280,134015280,-1350586,171107054,29279448011102312,925908386704307566
285,4,29,-8139,-32137,-6393,52032627,261563043,-2686729,167405606,28031855432946677,953940242137254243
286,4,30,-7503,-30273,12539,-94080117,227138319,700828,164489742,27057366383112148,980997608520366391
287,4,31,-4670,-18204,27245,-127234150,85012680,4270206,166228889,27650278197456757,1008647886717823148
288,4,32,75,0,32767,2457525,0,3975394,170475494,29077697811999272,1037725584529822420
289,4,33,4431,18204,27245,120722595,80661924,-402249,171996746,29583042438846517,1067308626968668937
290,4,34,7640,30273,12539,95797960,231285720,-3921731,169039296,28589663566211977,1095898290534880914
291,4,35,8304,32137,-6393,-53087472,266865648,-2661880,165626869,27439345339877561,1123337635874758475
292,4,36,5894,23170,-23170,-136563980,136563980,1221586,166104866,27592318781233352,1150929954655991827
293,4,37,1615,6393,-32137,-51901255,10324695,2538422,170562741,29098092203683165,1180028046859674992
294,4,38,-3235,-12539,-30273,97933155,40563665,-304416,174406807,30417826997036305,1210445873856711297
295,4,39,-7014,-27245,-18204,127682856,191096430,-3716488,173256085,30031483272581369,1240477357129292666
296,4,40,-8417,-32767,0,0,275799839,-3227479,169441794,28720938174633877,1269198295303926543
297,4,41,-6937,-27245,18204,-126281148,188998565,1301631,168259371,28312910172575802,1297511205476502345
298,4,42,-3111,-12539,30273,-94179303,39008829,4612703,171375847,29390957963933618,1326902163440435963
299,4,43,1713,6393,32137,55050681,10951209,3250814,175153375,30689272565553221,1357591436005989184
300,4,44,6027,23170,23170,139645590,139645590,-681370,175156839,30680382513548821,1388271818519538005
301,4,45,8134,32137,6393,52000662,261402358,-2006191,170983299,29239313339251882,1417511131858789887
302,4,46,7489,30273,-12539,-93904571,226714497,1334903,167374246,28015920190087925,1445527052048877812
303,4,47,4557,18204,-27245,-124155465,82955628,5482641,168362647,28376040257181490,1473903092306059302
304,4,48,-108,0,-32767,3538836,0,5663218,171882274,29575588153526600,1503478680459585902
305,4,49,-4683,-18204,-27245,127588335,85249332,1840175,172901978,29898480240343109,1533377160699929011
306,4,50,-7567,-30273,-12539,94882613,229075791,-1326282,169544026,28746935776232200,1562124096476161211
307,4,51,-8136,-32137,6393,-52013448,261466632,-1033,165611407,27427138129586738,1589551234605747949
308,4,52,-5958,-23170,23170,-138046860,138046860,3675493,165806441,27505285125879530,1617056519731627479
309,4,53,-1488,-6393,32137,-47819856,9512784,4895680,169995790,28922536300386500,1645979056032013979
310,4,54,3178,12539,30273,96207594,39848942,1474448,173368025,30058646089305329,1676037702121319308
311,4,55,7043,27245,18204,128210772,191886535,-2481968,172243924,29674129520070800,1705711831641390108
312,4,56,8306,32767,0,0,272162702,-2319333,168345124,28345460080140265,1734057291721530373
313,4,57,6757,27245,-18204,-123004428,184094465,1993374,166729751,27802783408425877,1761860075129956250
314,4,58,3298,12539,-30273,-99840354,41353622,5016095,169941954,28905428938387141,1790765504068343391
315,4,59,-1446,-6393,-32137,46470102,9244278,2847213,173565695,30133157102700394,1820898661171043785
316,4,60,-6041,-23170,-23170,139969970,139969970,-1837560,173276146,30027999399366916,1850926660570410701
317,4,61,-8263,-32137,-6393,52825359,265548031,-4160899,169695204,28813775341089817,1879740435911500518
318,4,62,-7712,-30273,12539,-96700768,233465376,-1588979,167209893,27961673171333890,1907702109082834408
319,4,63,-4729,-18204,27245,-128841605,86086716,2278957,169433191,28712799857450330,1936414908940284738
320,5,0,-167,0,32767,-5472089,0,2165555,174323507,30393374721237074,30393374721237074
321,5,1,2845,20787,25329,72061005,59139015,-5493742,174575305,30506718317005589,60900093038242663
322,5,2,4430,32137,6393,28320990,142366910,-16328540,164042601,27176596161376801,88076689199619464
323,5,3,3687,28898,-15446,-56949402,106546926,-22866300,142781676,20909474677058976,108986163876678440
324,5,4,1842,12539,-30273,-55762866,23096838,-21590252,118161651,14428314748469305,123414478625147745
325,5,5,-1265,-9512,-31356,39665340,12032680,-13248804,99345603,10045079642864025,133459558268011770
326,5,6,-3552,-27245,-18204,64660608,96774240,-3838358,90580576,8219573740627940,141679132008639710
327,5,7,-4305,-32609,3212,-13827660,140381745,453337,89623880,8032645380689969,149711777389329679
328,5,8,-3009,-23170,23170,-69718530,69718530,-620459,90302277,8154886200755410,157866663590085089
329,5,9,-502,-3212,32609,-16369718,1612424,-2053274,88885855,7904911153200101,165771574743285190
330,5,10,2370,18204,27245,64570650,43143480,-1466981,87061656,7581883978716697,173353458722001887
331,5,11,4127,31356,9512,39256024,129406212,165816,87401029,7638967365204697,180992426087206584
332,5,12,4009,30273,-12539,-50268851,121364457,319108,88853596,7895063352046880,188887489439253464
333,5,13,1924,15446,-28898,-55599752,29718104,-1107247,89148912,7948754506702753,196836243945956217
334,5,14,-840,-6393,-32137,26995080,5370120,-1379885,87734659,7699274472459506,204535518418415723
335,5,15,-3454,-25329,-20787,71798298,87486366,386992,87052338,7578259314074308,212113777732490031
336,5,16,-4487,-32767,0,0,147025529,1977942,88659805,7864473277193389,219978251009683420
337,5,17,-3359,-25329,20787,-69823533,85080111,1464301,90499527,8192308564642330,228170559574325750
338,5,18,-947,-6393,32137,-30433739,6054171,-186764,90625398,8212997643450100,236383557217775850
339,5,19,1918,15446,28898,55426364,29625428,-512602,89495794,8009759904500840,244393317122276690
340,5,20,4025,30273,12539,50469475,121848825,282010,89412637,7994699184933869,252388016307210559
341,5,21,4319,31356,-9512,-41082328,135426564,-268856,90872317,8257850280497225,260645866587707784
342,5,22,2574,18204,-27245,-70128630,46857096,-2411666,91422053,8363807907630365,269009674495338149
343,5,23,-301,-3212,-32609,9815309,966812,-3815866,90137873,8139396982294085,277149071477632234
344,5,24,-3014,-23170,-23170,69834380,69834380,-2986514,89219099,7968966892243997,285118038369876231
345,5,25,-4210,-32609,-3212,13522520,137283890,-1898701,89989952,8101796526449705,293219834896325936
346,5,26,-3527,-27245,18204,-64205508,96093115,-2237018,90691402,8229934646257928,301449769542583864
347,5,27,-1362,-9512,31356,-42706872,12955344,-3377040,89591953,8038122441515809,309487891984099673
348,5,28,1728,12539,30273,52311744,21667392,-2761537,87273231,7624242935781730,317112134919881403
349,5,29,3744,28898,15446,57829824,108194112,-587133,86387301,7463110499224290,324575245419105693
350,5,30,4165,32137,-6393,-26626845,133850605,523134,87745130,7699481507898856,332274726927004549
351,5,31,2736,20787,-25329,-69300144,56873232,-398874,88770577,7880374441380805,340155101368385354
352,5,32,-60,0,-32767,1966020,0,-1184853,87692528,7691383343662393,347846484712047747
353,5,33,-2658,-20787,-25329,67324482,55251846,-282251,86316024,7450535664795577,355297020376843324
354,5,34,-4436,-32137,-6393,28359348,142559732,1287782,87301952,7623289205489828,362920309582333152
355,5,35,-3983,-28898,15446,-61521418,115100734,995318,89567256,8023284005290660,370943593587623812
356,5,36,-1825,-12539,30273,-55248225,22883675,-1210957,90517921,8194960439018090,379138554026641902
357,5,37,1133,9512,31356,35526348,10777096,-2258007,90043127,8112863315550178,387251417342192080
358,5,38,3634,27245,18204,66153336,99008330,-1536349,90155261,8130331454227922,395381748796420002
359,5,39,4409,32609,-3212,-14161708,143773081,-1291346,91515097,8376680553411125,403758429349831127
360,5,40,3197,23170,-23170,-74074490,74074490,-2709155,92435140,8551594627633625,412310023977464752
361,5,41,382,3212,-32609,-12456638,1226984,-3550011,91328071,8353419130681162,420663443108145914
362,5,42,-2583,-18204,-27245,70373835,47020932,-2139701,89751462,8059903251506845,428723346359652759
363,5,43,-4161,-31356,-9512,39579432,130472316,267305,90065517,8111868804440314,436835215164093073
364,5,44,-4140,-30273,12539,-51911460,125330220,1099518,91791034,8426802862621480,445262018026714553
365,5,45,-2058,-15446,28898,-59472084,31787868,169908,92227180,8505881599480864,453767899626195417
366,5,46,859,6393,32137,27605683,5491587,-433775,90664624,8220262205812001,461988161832007418
367,5,47,3236,25329,20787,67266732,81964644,429217,89319551,7978166418074690,469966328250082108
368,5,48,4221,32767,0,0,138309507,1177854,89616982,8032590802833640,477998919052915748
369,5,49,3495,25329,-20787,-72650565,88524855,-282353,90256990,8146403967076709,486145323019992457
370,5,50,1000,6393,-32137,-32137000,6393000,-2538013,89043282,7935147579319693,494080470599312150
371,5,51,-2225,-15446,-28898,64298050,34367350,-2306206,87450327,7652878278521365,501733348877833515
372,5,52,-4009,-30273,-12539,50268851,121364457,-663052,87830036,7714554861716000,509447903739549515
373,5,53,-4313,-31356,9512,-41025256,135238428,-287782,90318138,8157448870266568,517605352609816083
374,5,54,-2578,-18204,27245,-70237610,46929912,-1470146,91793735,8428251114511541,526033603724327624
375,5,55,313,3212,32609,10206617,1005356,-2299306,91127869,8309575316562797,534343179040890421
376,5,56,3040,23170,23170,70436800,70436800,-1682427,90253856,8148589083479065,542491768124369486
377,5,57,4209,32609,3212,13519308,137251281,-798316,90564711,8202604186949377,550694372311318863
378,5,58,3631,27245,-18204,-66098724,98926595,-1632106,91205761,8321154609584357,559015526920903220
379,5,59,1295,9512,-31356,-40606020,12318040,-3260398,90020297,8114284067086613,567129810987989833
380,5,60,-1819,-12539,-30273,55066587,22808441,-2468614,87943184,7740097667138852,574869908655128685
381,5,61,-3690,-28898,-15446,56995740,106633620,-220049,87135447,7592634545452210,582462543200580895
382,5,62,-4184,-32137,6393,-26748312,134461208,1078881,88422819,7819758904118922,590282302104699817
383,5,63,-2656,-20787,25329,-67273824,55210272,452393,89141164,7946351778701345,598228653883401162
384,6,0,-68,0,32767,-2228156,0,-579227,87726938,7696351154773373,7696351154773373
385,6,1,1516,23170,23170,35125720,35125720,-2017085,84820240,7198541745554825,14894892900328198
386,6,2,2006,32767,0,0,65730602,-4500450,79531484,6345510997444756,21240403897772954
387,6,3,1295,23170,-23170,-30005150,30005150,-7113924,70446494,5013316431569812,26253720329342766
388,6,4,41,0,-32767,-1343447,0,-8005365,58680740,3507515115730825,29761235445073591
389,6,5,-1562,-23170,-23170,36191540,36191540,-5249272,48407127,2370804800924113,32132040245997704
390,6,6,-2036,-32767,0,0,66713612,-1126302,42664196,1821502176521620,33953542422519324
391,6,7,-1503,-23170,23170,-34824510,34824510,1023688,41518138,1724803720108388,35678346142627712
392,6,8,-71,0,32767,-2326457,0,782948,41947399,1760197290435905,37438543433063617
393,6,9,1416,23170,23170,32808720,32808720,275487,42165235,1777982935692394,39216526368756011
394,6,10,2070,32767,0,0,67827690,-298587,42386087,1796669525368138,41013195894124149
395,6,11,1338,23170,-23170,-31001460,31001460,-633721,42306560,1790246621339441,42803442515463590
396,6,12,10,0,-32767,-327670,0,-542721,41925823,1758069180311170,44561511695774760
397,6,13,-1454,-23170,-23170,33689180,33689180,-335253,41600115,1730681962587234,46292193658361994
398,6,14,-2255,-32767,0,0,73889585,83640,41864701,1752660185469001,48044853843830995
399,6,15,-1307,-23170,23170,-30283190,30283190,547426,42014766,1765540237260232,49810394081091227
400,6,16,-77,0,32767,-2523059,0,635059,42403771,1798483094953922,51608877176045149
401,6,17,1292,23170,23170,29935640,29935640,363171,42558180,1811330578087641,53420207754132790
402,6,18,2221,32767,0,0,72775507,36255,42587930,1813733096109925,55233940850242715
403,6,19,1325,23170,-23170,-30700250,30700250,-316727,42264879,1786420312877170,57020361163119885
404,6,20,108,0,-32767,-3538836,0,-778088,41986719,1763489993320705,58783851156440590
405,6,21,-1331,-23170,-23170,30839270,30839270,-1045759,41765036,1745411843967377,60529263000407967
406,6,22,-2118,-32767,0,0,69400506,-1078835,41567012,1728980371565369,62258243371973336
407,6,23,-1610,-23170,23170,-37303700,37303700,-1524626,41851333,1753858558316765,64012101930290101
408,6,24,111,0,32767,3637137,0,-1495852,42109588,1775454974735648,65787556905025749
409,6,25,1378,23170,23170,31928260,31928260,-1335531,42435904,1802589591349177,67590146496374926
410,6,26,1941,32767,0,0,63600747,-1231686,42343259,1794468633143677,69384615129518603
411,6,27,1357,23170,-23170,-31441690,31441690,-761466,42095176,1772583672940132,71157198802458735
412,6,28,103,0,-32767,-3375001,0,-316789,41434378,1716908035517405,72874106837976140
413,6,29,-1505,-23170,-23170,34870850,34870850,-136698,40957491,1677534755358285,74551641593334425
414,6,30,-2241,-32767,0,0,73430847,-24669,41026923,1683209019407490,76234850612741915
415,6,31,-1620,-23170,23170,-37535400,37535400,-293497,41839698,1750646469220213,77985497081962128
416,6,32,107,0,32767,3506069,0,-498634,43018848,1850869919113060,79836367001075188
417,6,33,1350,23170,23170,31279500,31279500,-489972,43973538,1933912116798228,81770279117873416
418,6,34,2256,32767,0,0,73922352,-665221,44775036,2005246367780137,83775525485653553
419,6,35,1536,23170,-23170,-35589120,35589120,-718828,44840510,2011188050753684,85786713536407237
420,6,36,-4,0,-32767,131068,0,-602515,44525128,1982850047741609,87769563584148846
421,6,37,-1423,-23170,-23170,32970910,32970910,-810557,44315458,1964516820400013,89734080404548859
422,6,38,-2155,-32767,0,0,70612885,-794139,44123406,1947505613792157,91681586018341016
423,6,39,-1290,-23170,23170,-29889300,29889300,-421482,43544396,1896292070081140,93577878088422156
424,6,40,103,0,32767,3375001,0,32278,43087029,1856493109916125,95434371198338281
425,6,41,1489,23170,23170,34500130,34500130,792552,42725238,1826074100829348,97260445299167629
426,6,42,2192,32767,0,0,71825264,1447113,42333507,1794219950953818,99054665250121447
427,6,43,1512,23170,-23170,-35033040,35033040,1780190,42470102,1806878640326504,100861543890447951
428,6,44,-89,0,-32767,2916263,0,1728357,42962936,1848801087659545,102710344978107496
429,6,45,-1600,-23170,-23170,37072000,37072000,1634521,43616511,1905071690712562,104615416668820058
430,6,46,-1967,-32767,0,0,64452689,1445108,43713725,1912978090507289,106528394759327347
431,6,47,-1467,-23170,23170,-33990390,33990390,1320860,43669999,1908813483799601,108437208243126948
432,6,48,-95,0,32767,-3112865,0,1141276,43304789,1876607261242697,110313815504369645
433,6,49,1563,23170,23170,36214710,36214710,936782,42885999,1840086470743525,112153901975113170
434,6,50,2070,32767,0,0,67827690,571547,42517404,1808056308872425,113961958283985595
435,6,51,1421,23170,-23170,-32924570,32924570,272925,42542982,1809979805507949,115771938089493544
436,6,52,-102,0,-32767,3342234,0,312582,42633725,1817732214882349,117589670304375893
437,6,53,-1333,-23170,-23170,30885610,30885610,395990,42391399,1797187517257301,119386857821633194
438,6,54,-1995,-32767,0,0,65370165,532978,42049059,1768407428333965,121155265249967159
439,6,55,-1445,-23170,23170,-33480650,33480650,635212,41530536,1725188914732240,122880454164699399
440,6,56,172,0,32767,5635924,0,814188,41078627,1688116498304473,124568570663003872
441,6,57,1524,23170,23170,35311080,35311080,866311,40903310,1673831263704821,126242401926708693
442,6,58,2083,32767,0,0,68253661,1251504,41241280,1702409438300416,127944811365009109
443,6,59,1449,23170,-23170,-33573330,33573330,1630904,41738638,1744773749952260,129689585114961369
444,6,60,19,0,-32767,-622573,0,1653903,42201241,1783680137073490,131473265252034859
445,6,61,-1580,-23170,-23170,36608600,36608600,1614641,42744939,1829736875672602,133303002127707461
446,6,62,-1945,-32767,0,0,63731815,1298787,42729429,1827490950337410,135130493078044871
447,6,63,-1386,-23170,23170,-32113620,32113620,1074166,42442470,1802517092296456,136933010170341327
448,7,0,-161,0,32767,-5275487,0,564529,42149717,1776917336171930,1776917336171930
449,7,1,1233,25329,20787,25630371,31230657,-240090,41520844,1724038129680436,3500955465852366
450,7,2,1483,32137,-6393,-9480819,47659171,-1718356,39806335,1587497053474961,5088452519327327
451,7,3,535,15446,-28898,-15460430,8263610,-2155797,36883816,1365063343427065,6453515862754392
452,7,4,-553,-12539,-30273,16740969,6934067,-1308442,34485907,1190989802080013,7644505664834405
453,7,5,-1339,-31356,-9512,12736568,41985684,-976142,32760188,1074182770999508,8718688435833913
454,7,6,-1254,-27245,18204,-22827816,34165230,-791891,30527220,932538252284281,9651226688118194
455,7,7,31,-3212,32609,1010879,-99572,1014369,28776092,829092415260625,10480319103378819
456,7,8,960,23170,23170,22243200,22243200,2123694,29472411,873133086358557,11353452189737376
457,7,9,1307,32609,-3212,-4198084,42619963,798574,29774993,887187928583525,12240640118320901
458,7,10,725,18204,-27245,-19752625,13197900,471517,28094928,789547307606473,13030187425927374
459,7,11,-589,-9512,-31356,18468684,5602568,2069760,27614618,766851033743524,13797038459670898
460,7,12,-1135,-30273,-12539,14231765,34359855,2137831,28414298,811942652217365,14608981111888263
461,7,13,-1115,-28898,15446,-17222290,32221270,1048000,27607239,763257949203121,15372239061091384
462,7,14,-182,-6393,32137,-5848934,1163526,1885565,26008389,679991653744546,16052230714835930
463,7,15,720,20787,25329,18236880,14966640,2516443,26305251,698298715545250,16750529430381180
464,7,16,1538,32767,0,0,50395646,1166724,27247967,743812950525265,17494342380906445
465,7,17,893,20787,-25329,-22618797,18562791,-19563,26579737,706482801700138,18200825182606583
466,7,18,-427,-6393,-32137,13722499,2729811,831377,26659318,711410423941253,18912235606547836
467,7,19,-1224,-28898,-15446,18905904,35371152,855151,28766329,828232967369042,19740468573916878
468,7,20,-1447,-30273,12539,-18143933,43805031,-240583,29876172,892643533553473,20633112107470351
469,7,21,-452,-9512,31356,-14172912,4299424,81036,29092318,846369533446420,21479481640916771
470,7,22,695,18204,27245,18935275,12651780,1065735,29782242,888117729636789,22367599370553560
471,7,23,1536,32609,3212,4933632,50087424,-46048,31294041,979319122527985,23346918493081545
472,7,24,965,23170,-23170,-22359050,22359050,-1463089,30190183,913587778995410,24260506272076955
473,7,25,-97,-3212,-32609,3163073,311564,-662636,29248998,855942970472500,25116449242549455
474,7,26,-1179,-27245,-18204,21462516,32121855,-232097,30416152,925196171504513,26041645414053968
475,7,27,-1238,-31356,9512,-11775856,38818728,-1171701,30258890,916973307265501,26958618721319469
476,7,28,-513,-12539,30273,-15530049,6432507,-811224,28186453,795134217099385,27753752938418854
477,7,29,844,15446,28898,24389912,13036424,1139374,28249692,799343271206740,28553096209625594
478,7,30,1404,32137,6393,8975772,45120348,1226053,29374579,864369097386050,29417465307011644
479,7,31,1221,25329,-20787,-25380927,30926709,304461,28789335,828918506242746,30246383813254390
480,7,32,-14,0,-32767,458738,0,1426512,28506353,814647097846753,31061030911101143
481,7,33,-914,-25329,-20787,18999318,23150706,1784838,29850922,894263190936328,31955294102037471
482,7,34,-1551,-32137,6393,-9915543,49844487,-364221,30695446,942343062075757,32897637164113228
483,7,35,-610,-15446,28898,-17627780,9422060,-1248286,29383524,864949700596372,33762586864709600
484,7,36,543,12539,30273,16438239,6808677,-283316,28990396,840523328192672,34603110192902272
485,7,37,1318,31356,9512,12536816,41327208,-721551,30135330,908658750054501,35511768942956773
486,7,38,1096,27245,-18204,-19951584,29860520,-1450127,29399124,866411360283505,36378180303240278
487,7,39,285,3212,-32609,-9293565,915420,-477107,27835994,775070193057485,37153250496297763
488,7,40,-865,-23170,-23170,20042050,20042050,236580,28443991,809116594104481,37962367090402244
489,7,41,-1397,-32609,3212,-4487164,45554773,-1112451,28890668,835908244713625,38798275335115869
490,7,42,-633,-18204,27245,-17246085,11523132,-1888482,27055227,735551672285853,39533827007401722
491,7,43,505,9512,31356,15834780,4803560,-466739,26711792,713737677145385,40247564684547107
492,7,44,1475,30273,12539,18495025,44652675,337427,28438187,808844336827298,41056409021374405
493,7,45,1296,28898,-15446,-20018016,37451808,-54324,28831061,831233029482697,41887642050857102
494,7,46,379,6393,-32137,-12179923,2422947,934559,28390950,806919442426981,42694561493284083
495,7,47,-873,-20787,-25329,22112217,18147051,2146688,29930894,900466685008580,43595028178292663
496,7,48,-1310,-32767,0,0,42924770,632357,31119835,968844005802674,44563872184095337
497,7,49,-944,-20787,25329,-23910576,19622928,-1028571,29656307,880554503180290,45444426687275627
498,7,50,442,6393,32137,14204554,2825706,-69790,28724387,825095279169869,46269521966445496
499,7,51,1324,28898,15446,20450504,38260952,468499,29618348,877466029562105,47146987996007601
500,7,52,1347,30273,-12539,-16890033,40777731,-441180,29544150,873051439014900,48020039435022501
501,7,53,289,9512,-31356,-9061884,2748968,733124,28523324,814117482808352,48834156917830853
502,7,54,-613,-18204,-27245,16701185,11159052,2306752,29137637,854322994733273,49688479912564126
503,7,55,-1468,-32609,-3212,4715216,47870012,1247896,30327344,921305038521152,50609784951085278
504,7,56,-975,-23170,23170,-22590750,22590750,-63399,29123245,848167418763226,51457952369848504
505,7,57,87,3212,32609,2836983,279444,424612,27898991,778533994168625,52236486364017129
506,7,58,1188,27245,18204,21626352,32367060,292404,29054861,844270447828537,53080756811845666
507,7,59,1509,31356,-9512,-14353608,47316204,-1187646,29655283,880846312831405,53961603124677071
508,7,60,384,12539,-30273,-11624832,4814976,-998870,28544153,815766411764309,54777369536441380
509,7,61,-684,-15446,-28898,19766232,10565064,604278,29212561,853738872080005,55631108408521385
510,7,62,-1285,-32137,-6393,8215005,41296045,625538,30593375,936345891680069,56567454300201454
511,7,63,-1123,-25329,20787,-23343801,28444467,-222911,29469205,868483732645946,57435938032847400
